1456,2064,0:0
1456,2068,0:1
1456,2069,0:2
1456,2071,0:3
1456,2074,0:4
1456,2077,0:5
1456,2079,0:6
1456,2081,0:7
1456,2050,1:0
1456,2065,1:1
1456,2070,1:2
1456,2072,1:3
1456,2075,1:4
1456,2078,1:5
1456,2080,1:6
1456,2051,2:0
1456,2052,2:1
1456,2066,2:2
1456,2073,2:3
1456,2076,2:4
1456,2084,2:5
1456,2053,3:0
1456,2054,3:1
1456,2055,3:2
1456,2067,3:3
1456,2082,3:4
1456,2056,4:0
1456,2057,4:1
1456,2058,4:2
1456,2083,4:3
1456,2059,5:0
1456,2060,5:1
1456,2085,5:2
1456,2061,6:0
1456,2062,6:1
1456,2063,7:0
1456,2049,Others
1457,1984,ID of the competitor
1458,1967,ID of the competitor/team
1459,1968,ID of the competitor/team
1460,2289,1
1460,2290,2
1460,2288,None
1461,2087,1
1461,2088,2
1461,2086,None
1462,2291,1
1462,2293,2
1462,2292,X
1463,1525,1
1463,1527,2
1463,1526,X
1464,1985,1
1464,1987,2
1464,1986,X
1465,2209,1
1465,2211,2
1465,2210,X
1466,1447,1
1466,1449,2
1466,1448,X
1467,2295,No
1467,2294,Yes
1468,2090,No
1468,2089,Yes
1469,1988,1/1
1469,1994,1/2
1469,1991,1/X
1469,1990,2/1
1469,1996,2/2
1469,1993,2/X
1469,1989,X/1
1469,1995,X/2
1469,1992,X/X
1470,2296,1/1
1470,2302,1/2
1470,2299,1/X
1470,2298,2/1
1470,2304,2/2
1470,2301,2/X
1470,2297,X/1
1470,2303,X/2
1470,2300,X/X
1471,1528,1/1
1471,1534,1/2
1471,1531,1/X
1471,1530,2/1
1471,1536,2/2
1471,1533,2/X
1471,1529,X/1
1471,1535,X/2
1471,1532,X/X
1472,2212,1/1
1472,2218,1/2
1472,2215,1/X
1472,2214,2/1
1472,2220,2/2
1472,2217,2/X
1472,2213,X/1
1472,2219,X/2
1472,2216,X/X
1473,1450,1/1
1473,1456,1/2
1473,1453,1/X
1473,1452,2/1
1473,1458,2/2
1473,1455,2/X
1473,1451,X/1
1473,1457,X/2
1473,1454,X/X
1474,1998,Even
1474,1997,Odd
1475,2306,Even
1475,2305,Odd
1476,2092,Even
1476,2091,Odd
1477,1693,Even
1477,1692,Odd
1478,1538,Even
1478,1537,Odd
1479,2222,Even
1479,2221,Odd
1480,1460,Even
1480,1459,Odd
1481,2308,12
1481,2307,1X
1481,2309,X2
1482,2094,12
1482,2093,1X
1482,2095,X2
1483,2000,12
1483,1999,1X
1483,2001,X2
1484,2310,1
1484,2311,2
1485,2096,1
1485,2097,2
1486,2002,1
1486,2003,2
1487,2312,0
1487,2313,1
1487,2314,2
1487,2315,3+
1488,2316,0
1488,2317,1
1488,2318,2
1488,2319,3+
1489,1969,ID of the three competitors/teams
1490,2320,1
1490,2321,2
1491,2246,1
1491,2247,2
1492,2098,1
1492,2099,2
1493,2004,1
1493,2005,2
1494,2891,1
1494,2892,2
1495,1664,1
1495,1665,2
1496,2223,1
1496,2224,2
1497,1539,1
1497,1540,2
1498,2322,Over
1498,2323,Under
1499,2248,Over
1499,2249,Under
1500,1541,Over
1500,1542,Under
1501,2100,Over
1501,2101,Under
1502,2006,Over
1502,2007,Under
1503,1694,Over
1503,1695,Under
1504,2324,1
1504,2325,2
1505,2008,1
1505,2009,2
1506,1543,1
1506,1544,2
1507,2225,1
1507,2226,2
1508,1461,1
1508,1462,2
1509,2326,Over
1509,2327,Under
1510,1545,Over
1510,1546,Under
1511,2010,Over
1511,2011,Under
1512,1463,Over
1512,1464,Under
1513,2328,1
1513,2330,2
1513,2329,X
1514,1547,1
1514,1549,2
1514,1548,X
1515,2102,1
1515,2104,2
1515,2103,X
1516,2331,Over
1516,2332,Under
1517,2105,Over
1517,2106,Under
1518,2333,<PLAYER ID>
1518,2334,N
1519,2336,0-1 goals
1519,2337,2-3 goals
1519,2338,4-5 goals
1519,2335,6+
1520,2343,0:0
1520,2346,0:1
1520,2347,0:2
1520,2340,1:0
1520,2344,1:1
1520,2348,1:2
1520,2341,2:0
1520,2342,2:1
1520,2345,2:2
1520,2339,Others
1521,1780,1
1521,1781,2
1522,2870,1
1522,2871,2
1523,2250,1
1523,2251,2
1524,2893,1
1524,2894,2
1525,1666,1
1525,1667,2
1526,2872,2 sets
1526,2873,3 sets
1527,1668,2 sets
1527,1669,3 sets
1528,2349,1st
1528,2350,2nd
1528,2351,Equal
1529,2012,1st
1529,2013,2nd
1529,2014,Equal
1530,2227,1st
1530,2228,2nd
1530,2229,Equal
1531,2357,Over and away
1531,2356,Over and draw
1531,2355,Over and home
1531,2354,Under and away
1531,2353,Under and draw
1531,2352,Under and home
1532,1553,Over and away
1532,1552,Over and home
1532,1551,Under and away
1532,1550,Under and home
1533,1503,Over and away
1533,1502,Over and draw
1533,1501,Over and home
1533,1500,Under and away
1533,1499,Under and draw
1533,1498,Under and home
1534,2112,Over and away
1534,2111,Over and draw
1534,2110,Over and home
1534,2109,Under and away
1534,2108,Under and draw
1534,2107,Under and home
1535,2020,Over and away
1535,2019,Over and draw
1535,2018,Over and home
1535,2017,Under and away
1535,2016,Under and draw
1535,2015,Under and home
1536,2363,Awayteam scores first and away
1536,2362,Awayteam scores first and draw
1536,2361,Awayteam scores first and home
1536,2360,Hometeam scores first and away
1536,2359,Hometeam scores first and draw
1536,2358,Hometeam scores first and home
1536,2364,No goal
1537,2113,1
1537,2115,2
1537,2114,X
1538,2116,1
1538,2118,2
1538,2117,X
1539,2119,Over
1539,2120,Under
1540,2121,Over
1540,2122,Under
1541,2123,Over
1541,2124,Under
1542,2126,12
1542,2125,1X
1542,2127,X2
1543,2129,12
1543,2128,1X
1543,2130,X2
1544,2132,12
1544,2131,1X
1544,2133,X2
1545,2135,Even
1545,2134,Odd
1546,2366,Even
1546,2365,Odd
1547,1555,Even
1547,1554,Odd
1548,2231,Even
1548,2230,Odd
1549,1466,Even
1549,1465,Odd
1550,2368,No
1550,2367,Yes
1551,1557,No
1551,1556,Yes
1552,1505,No
1552,1504,Yes
1553,2137,No
1553,2136,Yes
1554,1468,No
1554,1467,Yes
1555,1697,No
1555,1696,Yes
1556,2375,AT > 2
1556,2373,AT 1
1556,2374,AT 2
1556,2370,HT > 2
1556,2372,HT 1
1556,2371,HT 2
1556,2369,X
1557,1563,AT > 10
1557,1561,AT 1-5
1557,1562,AT 6-10
1557,1558,HT > 10
1557,1560,HT 1-5
1557,1559,HT 6-10
1558,1511,AT > 4
1558,1509,AT 1-2
1558,1510,AT 3-4
1558,1506,HT > 4
1558,1508,HT 1-2
1558,1507,HT 3-4
1559,2144,AT > 2
1559,2142,AT 1
1559,2143,AT 2
1559,2139,HT > 2
1559,2141,HT 1
1559,2140,HT 2
1559,2138,X
1560,2027,AT > 10
1560,2025,AT 1-5
1560,2026,AT 6-10
1560,2022,HT > 10
1560,2024,HT 1-5
1560,2023,HT 6-10
1560,2021,X
1561,1475,AT > 14
1561,1473,AT 1-7
1561,1474,AT 8-14
1561,1470,HT > 14
1561,1472,HT 1-7
1561,1471,HT 8-14
1561,1469,X
1562,1564,1
1562,1565,2
1563,1566,1st quarter
1563,1567,2nd quarter
1563,1568,3rd quarter
1563,1569,4th quarter
1563,1570,Equals
1564,1476,1st quarter
1564,1477,2nd quarter
1564,1478,3rd quarter
1564,1479,4th quarter
1564,1480,Equals
1565,1571,1
1565,1573,2
1565,1572,X
1566,1512,1
1566,1514,2
1566,1513,X
1567,1481,1
1567,1483,2
1567,1482,X
1568,1782,Over
1568,1783,Under
1569,2874,Over
1569,2875,Under
1570,2895,Over
1570,2896,Under
1571,1670,Over
1571,1671,Under
1572,2146,1st period
1572,2147,2nd period
1572,2148,3rd period
1572,2145,Equals
1573,2149,1
1573,2150,2
1574,1515,1
1574,1516,2
1575,1484,1
1575,1485,2
1576,2151,Over
1576,2152,Under
1577,1517,Over
1577,1518,Under
1578,1486,Over
1578,1487,Under
1579,1489,Even
1579,1488,Odd
1580,1520,Even
1580,1519,Odd
1581,2876,1
1581,2877,2
1582,2897,1
1582,2898,2
1583,1672,1
1583,1673,2
1584,2878,3 sets
1584,2879,4 sets
1584,2880,5 sets
1585,2899,3 sets
1585,2900,4 sets
1585,2901,5 sets
1586,2883,0:2
1586,2884,1:2
1586,2881,2:0
1586,2882,2:1
1587,1786,0:2
1587,1787,1:2
1587,1784,2:0
1587,1785,2:1
1588,2257,0:3
1588,2256,1:3
1588,2255,2:3
1588,2252,3:0
1588,2253,3:1
1588,2254,3:2
1589,2888,0:3
1589,2889,1:3
1589,2890,2:3
1589,2885,3:0
1589,2886,3:1
1589,2887,3:2
1590,1793,0:3
1590,1792,1:3
1590,1791,2:3
1590,1788,3:0
1590,1789,3:1
1590,1790,3:2
1591,2376,<PLAYER ID>
1591,2377,N
1592,2378,Over
1592,2379,Under
1593,2380,Over
1593,2381,Under
1594,2382,Over
1594,2383,Under
1595,2384,Over
1595,2385,Under
1596,2387,No
1596,2386,Yes
1597,2389,No
1597,2388,Yes
1598,2390,0-1
1598,2391,2
1598,2392,3
1598,2393,4+
1599,2395,0
1599,2396,1
1599,2394,2
1599,2397,3+
1600,2398,0-1
1600,2399,2
1600,2400,3
1600,2401,4+
1601,2403,0
1601,2404,1
1601,2402,2
1601,2405,3+
1602,2407,1
1602,2408,2
1602,2406,None
1603,2410,1
1603,2411,2
1603,2409,None
1604,2412,1
1604,2414,2
1604,2413,X
1605,2415,1
1605,2417,2
1605,2416,X
1606,2418,0-30
1606,2419,31-45
1606,2420,46-60
1606,2421,61-75
1606,2422,76+
1607,2423,0-10
1607,2424,11-25
1607,2425,26-40
1607,2426,41+
1608,2436,0-3
1608,2433,10
1608,2434,11
1608,2435,12+
1608,2427,4
1608,2428,5
1608,2429,6
1608,2430,7
1608,2431,8
1608,2432,9
1609,2439,0
1609,2440,1
1609,2437,2
1609,2438,3
1609,2441,4
1609,2442,5
1609,2443,6+
1610,2445,No
1610,2444,Yes
1611,2447,No
1611,2446,Yes
1612,2449,No
1612,2448,Yes
1613,2451,No
1613,2450,Yes
1614,2452,0
1614,2453,1
1614,2454,2
1614,2455,3
1614,2456,4
1614,2457,5
1614,2458,6+
1615,2459,1
1615,2461,2
1615,2460,X
1616,1574,1
1616,1576,2
1616,1575,X
1617,2028,1
1617,2030,2
1617,2029,X
1618,2462,Over
1618,2463,Under
1619,2464,1
1619,2465,2
1620,1577,1
1620,1578,2
1621,2466,0-0 0-0
1621,2468,0-0 0-1
1621,2471,0-0 0-2
1621,2475,0-0 0-3
1621,2467,0-0 1-0
1621,2470,0-0 1-1
1621,2474,0-0 1-2
1621,2469,0-0 2-0
1621,2473,0-0 2-1
1621,2472,0-0 3-0
1621,2476,0-0 4plus
1621,2484,0-1 0-1
1621,2486,0-1 0-2
1621,2489,0-1 0-3
1621,2485,0-1 1-1
1621,2488,0-1 1-2
1621,2487,0-1 2-1
1621,2490,0-1 4plus
1621,2499,0-2 0-2
1621,2501,0-2 0-3
1621,2500,0-2 1-2
1621,2502,0-2 4plus
1621,2509,0-3 0-3
1621,2510,0-3 4plus
1621,2477,1-0 1-0
1621,2479,1-0 1-1
1621,2482,1-0 1-2
1621,2478,1-0 2-0
1621,2481,1-0 2-1
1621,2480,1-0 3-0
1621,2483,1-0 4plus
1621,2495,1-1 1-1
1621,2497,1-1 1-2
1621,2496,1-1 2-1
1621,2498,1-1 4plus
1621,2507,1-2 1-2
1621,2508,1-2 4plus
1621,2491,2-0 2-0
1621,2493,2-0 2-1
1621,2492,2-0 3-0
1621,2494,2-0 4plus
1621,2505,2-1 2-1
1621,2506,2-1 4plus
1621,2503,3-0 3-0
1621,2504,3-0 4plus
1621,2511,4plus 4plus
1622,2513,No
1622,2512,Yes
1623,2515,No
1623,2514,Yes
1624,2517,1 OT
1624,2516,1 RT
1624,2518,1 SO
1624,2520,2 OT
1624,2519,2 RT
1624,2521,2 SO
1625,2523,No
1625,2522,Yes
1626,2525,No
1626,2524,Yes
1627,2527,1
1627,2528,2
1627,2529,Both teams
1627,2526,None
1628,2530,0
1628,2531,1
1628,2532,2+
1629,2533,0
1629,2534,1
1629,2535,2+
1630,2536,Over
1630,2537,Under
1631,2538,Over
1631,2539,Under
1632,2540,1
1632,2541,2
1633,2542,1
1633,2543,2
1634,2544,1
1634,2546,2
1634,2545,X
1635,2547,1
1635,2549,2
1635,2548,X
1636,2551,Even
1636,2550,Odd
1637,2553,Even
1637,2552,Odd
1638,2555,1
1638,2556,2
1638,2554,None
1639,2558,1
1639,2559,2
1639,2557,None
1640,2560,0-2
1640,2561,3-4
1640,2562,5-6
1640,2563,7+
1641,2564,0-1
1641,2565,2
1641,2566,3
1641,2567,4+
1642,2568,Over
1642,2569,Under
1643,1579,Over
1643,1580,Under
1644,2570,Over
1644,2571,Under
1645,2573,1
1645,2574,2
1645,2572,None
1646,2576,1
1646,2577,2
1646,2575,None
1647,2578,0-2
1647,2579,3-4
1647,2580,5-6
1647,2581,7+
1648,2582,0-1
1648,2583,2
1648,2584,3
1648,2585,4+
1649,2587,1
1649,2588,2
1649,2586,None
1650,2154,1
1650,2155,2
1650,2153,None
1651,2156,1
1651,2158,2
1651,2157,X
1652,2589,0-8
1652,2591,12+
1652,2590,9-11
1653,2594,0-4
1653,2592,5-6
1653,2593,7+
1654,2160,Even
1654,2159,Odd
1655,2162,Even
1655,2161,Odd
1656,2164,Even
1656,2163,Odd
1657,2165,1
1657,2166,2
1658,2167,1
1658,2168,2
1659,2169,1
1659,2170,2
1660,2172,No
1660,2171,Yes
1661,2174,No
1661,2173,Yes
1662,2175,1
1662,2176,2
1663,2177,1
1663,2178,2
1664,2179,1
1664,2180,2
1665,2182,1
1665,2183,2
1665,2181,None
1666,2185,1
1666,2186,2
1666,2184,None
1667,2188,1
1667,2189,2
1667,2187,None
1668,2191,1
1668,2192,2
1668,2190,None
1669,2194,1
1669,2195,2
1669,2193,None
1670,2197,1
1670,2198,2
1670,2196,None
1671,1490,1
1671,1491,2
1672,1492,Over
1672,1493,Under
1673,2200,No
1673,2199,Yes
1674,2596,No
1674,2595,Yes
1675,2598,No
1675,2597,Yes
1676,2600,No
1676,2599,Yes
1677,2602,No
1677,2601,Yes
1678,2604,No
1678,2603,Yes
1679,2606,No
1679,2605,Yes
1680,2608,No
1680,2607,Yes
1681,2610,No
1681,2609,Yes
1682,2032,12
1682,2031,1X
1682,2033,X2
1683,2612,12
1683,2611,1X
1683,2613,X2
1684,1581,1
1684,1582,2
1685,2034,1
1685,2035,2
1686,2614,1
1686,2615,2
1687,2617,1-10
1687,2618,11-20
1687,2619,21-30
1687,2620,31-40
1687,2621,41-50
1687,2622,51-60
1687,2623,61-70
1687,2624,71-80
1687,2625,81-90
1687,2616,None
1688,2627,1-15
1688,2628,16-30
1688,2629,31-45
1688,2630,46-60
1688,2631,61-75
1688,2632,76-90
1688,2626,None
1689,2633,1
1689,2635,2
1689,2634,X
1690,2637,No
1690,2636,Yes
1691,2639,No
1691,2638,Yes
1692,2640,1st
1692,2641,2nd
1692,2642,Equal
1693,2643,1st
1693,2644,2nd
1693,2645,Equal
1694,2658,0:0
1694,2662,0:1
1694,2663,0:2
1694,2665,0:3
1694,2668,0:4
1694,2671,0:5
1694,2673,0:6
1694,2646,1:0
1694,2659,1:1
1694,2664,1:2
1694,2666,1:3
1694,2669,1:4
1694,2672,1:5
1694,2647,2:0
1694,2648,2:1
1694,2660,2:2
1694,2667,2:3
1694,2670,2:4
1694,2649,3:0
1694,2650,3:1
1694,2651,3:2
1694,2661,3:3
1694,2652,4:0
1694,2653,4:1
1694,2654,4:2
1694,2655,5:0
1694,2656,5:1
1694,2657,6:0
1694,2674,other
1695,2037,Even
1695,2036,Odd
1696,2676,Even
1696,2675,Odd
1697,2039,Even
1697,2038,Odd
1698,1584,Even
1698,1583,Odd
1699,2677,1
1699,2678,2
1700,1585,1
1700,1586,2
1701,2040,1
1701,2041,2
1702,2680,12
1702,2679,1X
1702,2681,X2
1703,2043,12
1703,2042,1X
1703,2044,X2
1704,2905,0:3
1704,2906,1:3
1704,2907,2:3
1704,2902,3:0
1704,2903,3:1
1704,2904,3:2
1705,2912,0 sets
1705,2913,1 sets
1705,2908,2 sets
1705,2909,3 sets
1705,2910,4 sets
1705,2911,5 sets
1706,1676,0 sets
1706,1677,1 sets
1706,1674,2 sets
1706,1675,3 sets
1707,1794,Player 1
1707,1795,Player 2
1708,2914,1
1708,2915,2
1709,1678,1
1709,1679,2
1710,1796,Over
1710,1797,Under
1711,2916,Over
1711,2917,Under
1712,1680,Over
1712,1681,Under
1713,2918,1
1713,2919,2
1714,1682,1
1714,1683,2
1715,2921,Even
1715,2920,Odd
1716,1685,Even
1716,1684,Odd
1717,2922,1
1717,2923,2
1718,1686,1
1718,1687,2
1719,2924,1
1719,2925,2
1720,2926,1
1720,2927,2
1721,2929,No
1721,2928,Yes
1722,1597,<150.5
1722,1598,>250.5
1722,1587,151-160
1722,1588,161-170
1722,1589,171-180
1722,1590,181-190
1722,1591,191-200
1722,1592,201-210
1722,1593,211-220
1722,1594,221-230
1722,1595,231-240
1722,1596,241-250
1723,1607,<100.5
1723,1608,>180.5
1723,1599,101-110
1723,1600,111-120
1723,1601,121-130
1723,1602,131-140
1723,1603,141-150
1723,1604,151-160
1723,1605,161-170
1723,1606,171-180
1724,1690,0:2
1724,1691,1:2
1724,1688,2:0
1724,1689,2:1
1725,2931,No
1725,2930,Yes
1726,1609,Over
1726,1610,Under
1727,1521,Over
1727,1522,Under
1728,2201,Over
1728,2202,Under
1729,2045,Over
1729,2046,Under
1730,1494,Over
1730,1495,Under
1731,1698,Over
1731,1699,Under
1732,2682,Over
1732,2683,Under
1733,1611,Over
1733,1612,Under
1734,1523,Over
1734,1524,Under
1735,2203,Over
1735,2204,Under
1736,2047,Over
1736,2048,Under
1737,1496,Over
1737,1497,Under
1738,1700,Over
1738,1701,Under
1739,2684,Over
1739,2685,Under
1740,1613,1
1740,1615,2
1740,1614,X
1741,1616,1
1741,1618,2
1741,1617,X
1742,1619,1
1742,1621,2
1742,1620,X
1743,1622,1
1743,1624,2
1743,1623,X
1744,1625,1
1744,1626,2
1745,1627,1
1745,1628,2
1746,1629,1
1746,1630,2
1747,1631,1
1747,1632,2
1748,1633,Over
1748,1634,Under
1749,1635,Over
1749,1636,Under
1750,1637,Over
1750,1638,Under
1751,1639,Over
1751,1640,Under
1752,1641,1
1752,1642,2
1753,1643,1
1753,1644,2
1754,1645,1
1754,1646,2
1755,1647,1
1755,1648,2
1756,1650,Even
1756,1649,Odd
1757,1652,Even
1757,1651,Odd
1758,1654,Even
1758,1653,Odd
1759,1656,Even
1759,1655,Odd
1760,1657,1
1760,1658,2
1761,1659,Over
1761,1660,Under
1762,1662,Over
1762,1663,Under
1762,1661,X
1763,2205,Over
1763,2206,Under
1764,2207,1
1764,2208,2
1765,2238,AT > 14
1765,2236,AT 1-7
1765,2237,AT 8-14
1765,2233,HT > 14
1765,2235,HT 1-7
1765,2234,HT 8-14
1765,2232,X
1766,2245,AT > 12
1766,2243,AT 1-6
1766,2244,AT 7-12
1766,2240,HT > 12
1766,2242,HT 1-6
1766,2241,HT 7-12
1766,2239,X
1767,2691,Away / No
1767,2690,Away / Yes
1767,2689,Draw / No
1767,2688,Draw / Yes
1767,2687,Home / No
1767,2686,Home / Yes
1768,2692,1
1768,2693,2
1769,2707,0:10
1769,2702,0:7
1769,2704,0:8
1769,2706,0:9
1769,2701,1:6
1769,2703,1:7
1769,2705,1:8
1769,2700,10:0
1769,2711,2:5
1769,2712,2:6
1769,2708,3:4
1769,2717,3:5
1769,2709,4:3
1769,2710,4:4
1769,2713,5:2
1769,2716,5:3
1769,2694,6:1
1769,2714,6:2
1769,2695,7:0
1769,2696,7:1
1769,2697,8:0
1769,2698,8:1
1769,2699,9:0
1769,2715,other
1770,2718,<PLAYER ID>
1770,2719,N
1771,2721,1
1771,2722,2
1771,2720,None
1772,2727,0:3
1772,2729,0:4
1772,2730,0:5
1772,2728,1:3
1772,2723,3:0
1772,2724,3:1
1772,2725,4:0
1772,2726,5:0
1772,2731,other
1773,2732,Over
1773,2733,Under
1774,2734,Over
1774,2735,Under
1775,2737,No
1775,2736,Yes
1776,2739,No
1776,2738,Yes
1777,2740,1
1777,2742,2
1777,2741,X
1778,2743,Over
1778,2744,Under
1779,2745,Over
1779,2746,Under
1780,2748,No
1780,2747,Yes
1781,2750,No
1781,2749,Yes
1782,2754,0:0
1782,2757,0:1
1782,2758,0:2
1782,2751,1:0
1782,2755,1:1
1782,2759,1:2
1782,2752,2:0
1782,2753,2:1
1782,2756,2:2
1782,2760,other
1783,2765,0:3
1783,2767,0:4
1783,2768,0:5
1783,2766,1:3
1783,2761,3:0
1783,2762,3:1
1783,2763,4:0
1783,2764,5:0
1783,2769,other
1784,2771,1
1784,2772,2
1784,2770,None
1785,2773,1
1785,2775,2
1785,2774,X
1786,2777,2
1786,2776,X
1787,2778,1
1787,2779,X
1788,2781,No
1788,2780,Yes
1789,2783,No
1789,2782,Yes
1790,2785,Even
1790,2784,Odd
1791,2787,Even
1791,2786,Odd
1792,2793,Over and away
1792,2792,Over and draw
1792,2791,Over and home
1792,2790,Under and away
1792,2789,Under and draw
1792,2788,Under and home
1793,2799,Away / No
1793,2798,Away / Yes
1793,2797,Draw / No
1793,2796,Draw / Yes
1793,2795,Home / No
1793,2794,Home / Yes
1794,2802,No / Over
1794,2803,No / Under
1794,2800,Yes / Over
1794,2801,Yes / Under
1795,2805,Expected supremacy
1795,2804,Expected total
1796,2265,0:4
1796,2264,1:4
1796,2263,2:4
1796,2262,3:4
1796,2258,4:0
1796,2259,4:1
1796,2260,4:2
1796,2261,4:3
1797,2275,0:5
1797,2274,1:5
1797,2273,2:5
1797,2272,3:5
1797,2271,4:5
1797,2266,5:0
1797,2267,5:1
1797,2268,5:2
1797,2269,5:3
1797,2270,5:4
1798,2287,0:6
1798,2286,1:6
1798,2285,2:6
1798,2284,3:6
1798,2283,4:6
1798,2282,5:6
1798,2276,6:0
1798,2277,6:1
1798,2278,6:2
1798,2279,6:3
1798,2280,6:4
1798,2281,6:5
1799,1702,1
1799,1704,2
1799,1703,X
1800,1705,Over
1800,1706,Under
1801,1707,Over
1801,1708,Under
1802,1709,0-49
1802,1710,50-59
1802,1711,60-64
1802,1712,65-69
1802,1713,70-74
1802,1714,75-79
1802,1715,80-84
1802,1716,85-94
1802,1717,95+
1803,1718,0-49
1803,1719,50-59
1803,1720,60-64
1803,1721,65-69
1803,1722,70-74
1803,1723,75-79
1803,1724,80-84
1803,1725,85-94
1803,1726,95+
1804,1727,1
1804,1729,2
1804,1728,X
1805,1730,Over
1805,1731,Under
1806,1732,Over
1806,1733,Under
1807,1734,0-24
1807,1735,25-29
1807,1736,30-34
1807,1737,35-39
1807,1738,40-44
1807,1739,45-49
1807,1740,50-54
1807,1741,55-59
1807,1742,60+
1808,1743,0-24
1808,1744,25-29
1808,1745,30-34
1808,1746,35-39
1808,1747,40-44
1808,1748,45-49
1808,1749,50-54
1808,1750,55-59
1808,1751,60+
1809,1752,0-99
1809,1753,100-119
1809,1754,120-129
1809,1755,130-139
1809,1756,140-149
1809,1757,150-159
1809,1758,160-169
1809,1759,170-189
1809,1760,190+
1810,1761,0-99
1810,1762,100-119
1810,1763,120-129
1810,1764,130-139
1810,1765,140-149
1810,1766,150-159
1810,1767,160-169
1810,1768,170-189
1810,1769,190+
1811,1770,0-12
1811,1771,13-14
1811,1772,15-16
1811,1773,17-18
1811,1774,19-20
1811,1775,21-22
1811,1776,23+
1812,1778,Away
1812,1779,Both teams
1812,1777,Home
1813,1798,Player 1
1813,1799,Player 2
1814,1801,None
1814,1800,Player 1
1814,1802,Player 2
1815,1804,Draw
1815,1803,Player 1
1815,1805,Player 2
1816,1806,Player 1
1816,1807,Player 2
1817,1808,Over
1817,1809,Under
1818,1810,Over
1818,1811,Under
1819,1812,Over
1819,1813,Under
1820,1814,1
1820,1815,2
1821,1823,0:4
1821,1822,1:4
1821,1821,2:4
1821,1820,3:4
1821,1816,4:0
1821,1817,4:1
1821,1818,4:2
1821,1819,4:3
1822,1833,0:5
1822,1832,1:5
1822,1831,2:5
1822,1830,3:5
1822,1829,4:5
1822,1824,5:0
1822,1825,5:1
1822,1826,5:2
1822,1827,5:3
1822,1828,5:4
1823,1845,0:6
1823,1844,1:6
1823,1843,2:6
1823,1842,3:6
1823,1841,4:6
1823,1840,5:6
1823,1834,6:0
1823,1835,6:1
1823,1836,6:2
1823,1837,6:3
1823,1838,6:4
1823,1839,6:5
1824,1859,0:7
1824,1858,1:7
1824,1857,2:7
1824,1856,3:7
1824,1855,4:7
1824,1854,5:7
1824,1853,6:7
1824,1846,7:0
1824,1847,7:1
1824,1848,7:2
1824,1849,7:3
1824,1850,7:4
1824,1851,7:5
1824,1852,7:6
1825,1875,0:8
1825,1874,1:8
1825,1873,2:8
1825,1872,3:8
1825,1871,4:8
1825,1870,5:8
1825,1869,6:8
1825,1868,7:8
1825,1860,8:0
1825,1861,8:1
1825,1862,8:2
1825,1863,8:3
1825,1864,8:4
1825,1865,8:5
1825,1866,8:6
1825,1867,8:7
1826,1881,0:3
1826,1880,1:3
1826,1879,2:3
1826,1876,3:0
1826,1877,3:1
1826,1878,3:2
1827,1893,0:6
1827,1892,1:6
1827,1891,2:6
1827,1890,3:6
1827,1889,4:6
1827,1888,5:6
1827,1882,6:0
1827,1883,6:1
1827,1884,6:2
1827,1885,6:3
1827,1886,6:4
1827,1887,6:5
1828,1906,0:7
1828,1905,1:7
1828,1904,2:7
1828,1903,3:7
1828,1902,4:7
1828,1901,5:7
1828,1900,6:6
1828,1894,7:0
1828,1895,7:1
1828,1896,7:2
1828,1897,7:3
1828,1898,7:4
1828,1899,7:5
1829,1924,0:9
1829,1923,1:9
1829,1922,2:9
1829,1921,3:9
1829,1920,4:9
1829,1919,5:9
1829,1918,6:9
1829,1917,7:9
1829,1916,8:9
1829,1907,9:0
1829,1908,9:1
1829,1909,9:2
1829,1910,9:3
1829,1911,9:4
1829,1912,9:5
1829,1913,9:6
1829,1914,9:7
1829,1915,9:8
1830,1944,0:10
1830,1943,1:10
1830,1925,10:0
1830,1926,10:1
1830,1927,10:2
1830,1928,10:3
1830,1929,10:4
1830,1930,10:5
1830,1931,10:6
1830,1932,10:7
1830,1933,10:8
1830,1934,10:9
1830,1942,2:10
1830,1941,3:10
1830,1940,4:10
1830,1939,5:10
1830,1938,6:10
1830,1937,7:10
1830,1936,8:10
1830,1935,9:10
1831,1966,0:11
1831,1965,1:11
1831,1956,10:11
1831,1945,11:0
1831,1946,11:1
1831,1955,11:10
1831,1947,11:2
1831,1948,11:3
1831,1949,11:4
1831,1950,11:5
1831,1951,11:6
1831,1952,11:7
1831,1953,11:8
1831,1954,11:9
1831,1964,2:11
1831,1963,3:11
1831,1962,4:11
1831,1961,5:11
1831,1960,6:11
1831,1959,7:11
1831,1958,8:11
1831,1957,9:11
1832,2809,1
1832,2811,2
1832,2810,X
1833,2824,0:0
1833,2828,0:1
1833,2829,0:2
1833,2831,0:3
1833,2834,0:4
1833,2837,0:5
1833,2839,0:6
1833,2812,1:0
1833,2825,1:1
1833,2830,1:2
1833,2832,1:3
1833,2835,1:4
1833,2838,1:5
1833,2813,2:0
1833,2814,2:1
1833,2826,2:2
1833,2833,2:3
1833,2836,2:4
1833,2815,3:0
1833,2816,3:1
1833,2817,3:2
1833,2827,3:3
1833,2818,4:0
1833,2819,4:1
1833,2820,4:2
1833,2821,5:0
1833,2822,5:1
1833,2823,6:0
1833,2840,C
1834,1973,1
1834,1975,2
1834,1974,X
1835,1978,1
1835,1979,2
1836,1980,Over
1836,1981,Under
1837,2806,1
1837,2808,2
1837,2807,X
1838,2853,0:0
1838,2857,0:1
1838,2858,0:2
1838,2860,0:3
1838,2863,0:4
1838,2866,0:5
1838,2868,0:6
1838,2841,1:0
1838,2854,1:1
1838,2859,1:2
1838,2861,1:3
1838,2864,1:4
1838,2867,1:5
1838,2842,2:0
1838,2843,2:1
1838,2855,2:2
1838,2862,2:3
1838,2865,2:4
1838,2844,3:0
1838,2845,3:1
1838,2846,3:2
1838,2856,3:3
1838,2847,4:0
1838,2848,4:1
1838,2849,4:2
1838,2850,5:0
1838,2851,5:1
1838,2852,6:0
1838,2869,C
1839,1970,1
1839,1972,2
1839,1971,X
1840,1976,1
1840,1977,2
1841,1982,Over
1841,1983,Under
1842,2957,0:6
1842,2956,1:6
1842,2955,2:6
1842,2954,3:6
1842,2953,4:6
1842,2952,5:7
1842,2944,6:0
1842,2945,6:1
1842,2946,6:2
1842,2947,6:3
1842,2948,6:4
1842,2951,6:7
1842,2949,7:5
1842,2950,7:6
1843,2967,No
1843,2966,Yes
1844,2981,Over
1844,2982,Under
1845,2983,Over
1845,2984,Under
1846,2978,1
1846,2980,2
1846,2979,X
1847,2963,No
1847,2962,Yes
1848,2958,1/1
1848,2959,1/2
1848,2960,2/1
1848,2961,2/2
1849,2969,No
1849,2968,Yes
1850,2971,No
1850,2970,Yes
1851,2972,1
1851,2973,2
1852,2965,No
1852,2964,Yes
1853,2932,1
1853,2933,2
1854,2936,1
1854,2937,2
1855,2940,1
1855,2941,2
1856,2974,1
1856,2975,2
1857,2934,Over
1857,2935,Under
1858,2938,Over
1858,2939,Under
1859,2942,Over
1859,2943,Under
1860,2976,Over
1860,2977,Under
1861,2985,1
1861,2987,2
1861,2986,X
1862,2988,1
1862,2989,2
1863,2990,Over
1863,2991,Under
1864,2992,1
1864,2993,2
1865,2994,Over
1865,2995,Under
1866,2996,1
1866,2997,2
1867,2998,Over
1867,2999,Under
1868,3001,Even
1868,3000,Odd
1869,3002,1
1869,3004,2
1869,3003,X
1870,3005,Player 1
1870,3006,Player 2
1871,3007,Over
1871,3008,Under
1872,3009,1
1872,3010,2
1873,3011,1
1873,3012,2
1874,3013,2 sets
1874,3014,3 sets
1875,3018,0.5:1.5
1875,3020,0:2
1875,3017,1.5:0.5
1875,3019,1:2
1875,3015,2:0
1875,3016,2:1
1876,3021,1
1876,3022,2
1877,3023,0:0
1877,3024,0:1
1877,3025,0:2
1877,3026,0:3
1877,3027,0:4
1877,3028,1:0
1877,3029,1:1
1877,3030,1:2
1877,3031,1:3
1877,3032,1:4
1877,3033,2:0
1877,3034,2:1
1877,3035,2:2
1877,3036,2:3
1877,3037,2:4
1877,3038,3:0
1877,3039,3:1
1877,3040,3:2
1877,3041,3:3
1877,3042,3:4
1877,3043,4:0
1877,3044,4:1
1877,3045,4:2
1877,3046,4:3
1877,3047,4:4
1877,3048,other
1878,3078,1
1878,3079,2
1879,3083,Even
1879,3082,Odd
1880,3080,Over
1880,3081,Under
1881,3051,1
1881,3052,2
1882,3070,0:2
1882,3071,1:2
1882,3068,2:0
1882,3069,2:1
1883,3075,0:3
1883,3076,1:3
1883,3077,2:3
1883,3072,3:0
1883,3073,3:1
1883,3074,3:2
1884,3084,0 sets
1884,3085,1 set
1884,3086,2 sets
1884,3087,3 sets
1885,3049,Over
1885,3050,Under
1886,3063,2 sets
1886,3064,3 sets
1887,3065,3 sets
1887,3066,4 sets
1887,3067,5 sets
1888,3061,1
1888,3062,2
1889,3053,1
1889,3054,2
1890,3059,1
1890,3060,2
1891,3055,1
1891,3056,2
1892,3057,1
1892,3058,2
1893,3088,0
1893,3089,1
1893,3090,2
1893,3091,3
1893,3092,4
1893,3093,5+
1894,3094,No / No
1894,3097,No / Yes
1894,3095,Yes / No
1894,3096,Yes / Yes
1895,3098,1
1895,3099,2
1896,3105,Over and away
1896,3104,Over and draw
1896,3103,Over and home
1896,3102,Under and away
1896,3101,Under and draw
1896,3100,Under and home
1897,3111,Away / No
1897,3110,Away / Yes
1897,3109,Draw / No
1897,3108,Draw / Yes
1897,3107,Home / No
1897,3106,Home / Yes
1898,3117,DrawAway / Over
1898,3114,DrawAway / Under
1898,3116,HomeAway / Over
1898,3113,HomeAway / Under
1898,3115,HomeDraw / Over
1898,3112,HomeDraw / Under
1899,3123,DrawAway / No
1899,3122,DrawAway / Yes
1899,3121,HomeAway / No
1899,3120,HomeAway / Yes
1899,3119,HomeDraw / No
1899,3118,HomeDraw / Yes
1900,3129,DrawAway / No
1900,3128,DrawAway / Yes
1900,3127,HomeAway / No
1900,3126,HomeAway / Yes
1900,3125,HomeDraw / No
1900,3124,HomeDraw / Yes
1901,3135,DrawAway / No
1901,3134,DrawAway / Yes
1901,3133,HomeAway / No
1901,3132,HomeAway / Yes
1901,3131,HomeDraw / No
1901,3130,HomeDraw / Yes
1902,3137,"0:1, 0:2 or 0:3"
1902,3139,"0:4, 0:5 or 0:6"
1902,3136,"1:0, 2:0 or 3:0"
1902,3141,"1:2, 1:3 or 1:4"
1902,3140,"2:1, 3:1 or 4:1"
1902,3143,"2:3, 2:4, 3:4 or 1:5"
1902,3142,"3:2, 4:2, 4:3 or 5:1"
1902,3138,"4:0, 5:0 or 6:0"
1902,3145,Other awaywin
1902,3144,Other homewin
1902,3501,X
1903,3146,1-2
1903,3147,1-3
1903,3148,1-4
1903,3149,1-5
1903,3150,1-6
1903,3151,2-3
1903,3152,2-4
1903,3153,2-5
1903,3154,2-6
1903,3155,3-4
1903,3156,3-5
1903,3157,3-6
1903,3158,4-5
1903,3159,4-6
1903,3160,5-6
1903,3161,7+
1904,3162,1-2
1904,3163,1-3
1904,3164,2-3
1904,3165,4+
1905,3166,1-2
1905,3167,1-3
1905,3168,2-3
1905,3169,4+
1906,3170,1-2
1906,3171,1-3
1906,3172,2-3
1906,3173,4+
1907,3174,1-2
1907,3175,1-3
1907,3176,2-3
1907,3177,4+
1908,3183,DrawAway / No
1908,3182,DrawAway / Yes
1908,3181,HomeAway / No
1908,3180,HomeAway / Yes
1908,3179,HomeDraw / No
1908,3178,HomeDraw / Yes
1909,3189,DrawAway / No
1909,3188,DrawAway / Yes
1909,3187,HomeAway / No
1909,3186,HomeAway / Yes
1909,3185,HomeDraw / No
1909,3184,HomeDraw / Yes
1910,3190,1
1910,3192,2
1910,3191,X
1911,3193,1
1911,3194,2
1912,3195,1
1912,3196,2
1914,3197,1
1914,3198,2
1916,3200,12
1916,3199,1X
1916,3201,X2
1917,3202,1
1917,3203,2
1918,3204,Over
1918,3205,Under
1919,3206,Over
1919,3207,Under
1920,3208,1
1920,3210,2
1920,3209,X
1921,3216,Over and away
1921,3215,Over and draw
1921,3214,Over and home
1921,3213,Under and away
1921,3212,Under and draw
1921,3211,Under and home
1922,3218,12
1922,3217,1X
1922,3219,X2
1923,3220,1
1923,3221,2
1924,3222,Over
1924,3223,Under
1925,3224,Over
1925,3225,Under
1926,3226,Over
1926,3227,Under
1927,3228,Over
1927,3229,Under
1928,3230,1
1928,3232,2
1928,3231,X
1929,3233,0 to 27
1929,3234,28 to 34
1929,3235,35 to 41
1929,3236,42 to 48
1929,3237,49 to 55
1929,3238,56 to 62
1929,3239,63 plus
1930,3246,AT > 14
1930,3244,AT 1-7
1930,3245,AT 8-14
1930,3241,HT > 14
1930,3243,HT 1-7
1930,3242,HT 8-14
1930,3240,X
1931,3247,1
1931,3249,2
1931,3248,X
1932,3250,1
1932,3252,2
1932,3251,X
1933,3253,1
1933,3254,2
1934,3255,1
1934,3256,2
1935,3258,12
1935,3257,1X
1935,3259,X2
1936,3260,Over
1936,3261,Under
1937,3262,Over
1937,3263,Under
1938,3264,Over
1938,3265,Under
1939,3267,Even
1939,3266,Odd
1940,3268,1
1940,3270,2
1940,3269,X
1941,3271,1
1941,3273,2
1941,3272,X
1942,3274,1
1942,3275,2
1943,3276,1
1943,3277,2
1944,3279,12
1944,3278,1X
1944,3280,X2
1945,3281,Over
1945,3282,Under
1946,3283,Over
1946,3284,Under
1947,3285,Over
1947,3286,Under
1948,3288,Even
1948,3287,Odd
1949,3294,Away Drop goal
1949,3293,Away Penalty
1949,3292,Away Try
1949,3291,Home Drop Goal
1949,3290,Home Penalty
1949,3289,Home Try
1950,3297,0 to 6
1950,3299,14 to 20
1950,3300,21 to 27
1950,3295,28 to 34
1950,3296,35 to 41
1950,3301,42 plus
1950,3298,7 to 13
1951,3302,1
1951,3303,2
1952,3306,1
1952,3307,2
1953,3308,1
1953,3309,2
1954,3318,2 sets
1954,3319,3 sets
1955,3304,Over
1955,3305,Under
1956,3310,1
1956,3311,2
1957,3320,3 sets
1957,3321,4 sets
1957,3322,5 sets
1958,3325,0:2
1958,3326,1:2
1958,3323,2:0
1958,3324,2:1
1959,3330,0:3
1959,3331,1:3
1959,3332,2:3
1959,3327,3:0
1959,3328,3:1
1959,3329,3:2
1960,3333,1
1960,3334,2
1961,3335,Over
1961,3336,Under
1962,3338,Even
1962,3337,Odd
1963,3312,1
1963,3313,2
1964,3314,1
1964,3315,2
1965,3316,1
1965,3317,2
1966,3339,0 sets
1966,3340,1 set
1966,3341,2 sets
1966,3342,3 sets
1967,3343,0 sets
1967,3344,1 set
1967,3345,2 sets
1967,3346,3 sets
1967,3347,4 sets
1967,3348,5 sets
1968,3349,1
1968,3350,2
1969,3351,Over
1969,3352,Under
1970,3353,1
1970,3354,2
1971,3355,1
1971,3357,2
1971,3356,X
1972,3358,1
1972,3359,2
1973,3362,0:2
1973,3363,1:2
1973,3360,2:0
1973,3361,2:1
1974,3367,0:3
1974,3368,1:3
1974,3369,2:3
1974,3364,3:0
1974,3365,3:1
1974,3366,3:2
1975,3370,1
1975,3371,2
1976,3372,Over
1976,3373,Under
1977,3374,1
1977,3375,2
1978,3376,1
1978,3378,2
1978,3377,X
1979,3379,1
1979,3380,2
1980,3381,1
1980,3382,2
1981,3383,1
1981,3384,2
1982,3387,0:2
1982,3386,1:1
1982,3385,2:0
1983,3388,1
1983,3389,2
1984,3391,No
1984,3390,Yes
1985,3392,1
1985,3393,2
1986,3394,Over
1986,3395,Under
1987,3396,1
1987,3397,2
1988,3398,1
1988,3400,2
1988,3399,X
1989,3401,1
1989,3402,2
1990,3405,0:2
1990,3406,1:2
1990,3403,2:0
1990,3404,2:1
1991,3410,0:3
1991,3411,1:3
1991,3412,2:3
1991,3407,3:0
1991,3408,3:1
1991,3409,3:2
1992,3413,1
1992,3414,2
1993,3415,1
1993,3416,2
1994,3419,0:2
1994,3418,1:1
1994,3417,2:0
1995,3420,1
1995,3421,2
1996,3422,1
1996,3423,2
1997,3424,1
1997,3425,2
1998,3426,1
1998,3427,2
1999,3428,1
1999,3430,2
1999,3429,X
2005,3477,1
2005,3478,2
2006,3490,No
2006,3489,Yes
2007,3492,No
2007,3491,Yes
2008,3494,No
2008,3493,Yes
2009,3479,1
2009,3480,2
2010,3481,Over
2010,3482,Under
2011,3483,Over
2011,3484,Under
2012,3485,Over
2012,3486,Under
2013,3487,Over
2013,3488,Under
2014,3495,Over
2014,3496,Under
2015,3497,Over
2015,3498,Under
2016,3499,Over
2016,3500,Under
2017,3502,<PLAYER ID>
2017,3503,other
2018,3505,1
2018,3507,2
2018,3508,other
2018,3506,X
2019,3509,1
2019,3511,2
2019,3512,other
2019,3510,X
2020,3513,1
2020,3515,2
2020,3514,X
2025,3504,Custom Bet
